car_file_name,car_file_path,piece_cid,data_cid,car_file_size,car_file_md5,source_file_name,source_file_path,source_file_size,source_file_md5,car_file_url
baga6ea4seaqi63uxw7tu24euwah37sfurhfqhrz6vcg4nppx33ms3k2fbydvepq.car,https://download2.nbfsdata.com/snapshot/eth/baga6ea4seaqi63uxw7tu24euwah37sfurhfqhrz6vcg4nppx33ms3k2fbydvepq.car,baga6ea4seaqi63uxw7tu24euwah37sfurhfqhrz6vcg4nppx33ms3k2fbydvepq,bafybeicoegymtoj2kdqppgixvin7yq6g6dkpx52j2ciufi6sicqzrhthly,17527658902,,baga6ea4seaqi63uxw7tu24euwah37sfurhfqhrz6vcg4nppx33ms3k2fbydvepq.car,https://download2.nbfsdata.com/snapshot/eth/baga6ea4seaqi63uxw7tu24euwah37sfurhfqhrz6vcg4nppx33ms3k2fbydvepq.car,17527658902,,https://download2.nbfsdata.com/snapshot/eth/baga6ea4seaqi63uxw7tu24euwah37sfurhfqhrz6vcg4nppx33ms3k2fbydvepq.car
baga6ea4seaqeonyujfdekjie7gaikivpfytpcqe3hv74rkjuaanh4yif7u77gni.car,https://download2.nbfsdata.com/snapshot/eth/baga6ea4seaqeonyujfdekjie7gaikivpfytpcqe3hv74rkjuaanh4yif7u77gni.car,baga6ea4seaqeonyujfdekjie7gaikivpfytpcqe3hv74rkjuaanh4yif7u77gni,bafybeigjpgqi53tumvelki6jna5r5w7evsma5sjwukzs3y7bsyuiv6cnb4,17527504269,,baga6ea4seaqeonyujfdekjie7gaikivpfytpcqe3hv74rkjuaanh4yif7u77gni.car,https://download2.nbfsdata.com/snapshot/eth/baga6ea4seaqeonyujfdekjie7gaikivpfytpcqe3hv74rkjuaanh4yif7u77gni.car,17527504269,,https://download2.nbfsdata.com/snapshot/eth/baga6ea4seaqeonyujfdekjie7gaikivpfytpcqe3hv74rkjuaanh4yif7u77gni.car
baga6ea4seaqg6yl43foocz4mrjdteqm3kjdxuexxqmkxwyk6b3wulvy3dr5tkda.car,https://download2.nbfsdata.com/snapshot/eth/baga6ea4seaqg6yl43foocz4mrjdteqm3kjdxuexxqmkxwyk6b3wulvy3dr5tkda.car,baga6ea4seaqg6yl43foocz4mrjdteqm3kjdxuexxqmkxwyk6b3wulvy3dr5tkda,bafybeigmg5pkubgxha7sjciivadfo2kkqidu34g6oieh62hz5n4uuheoyu,18001377977,,baga6ea4seaqg6yl43foocz4mrjdteqm3kjdxuexxqmkxwyk6b3wulvy3dr5tkda.car,https://download2.nbfsdata.com/snapshot/eth/baga6ea4seaqg6yl43foocz4mrjdteqm3kjdxuexxqmkxwyk6b3wulvy3dr5tkda.car,18001377977,,https://download2.nbfsdata.com/snapshot/eth/baga6ea4seaqg6yl43foocz4mrjdteqm3kjdxuexxqmkxwyk6b3wulvy3dr5tkda.car
baga6ea4seaqhtwajnlsjw77dssih74mnrvxff5qxd3zfq6jdtjf2jizbizr3mgy.car,https://download2.nbfsdata.com/snapshot/eth/baga6ea4seaqhtwajnlsjw77dssih74mnrvxff5qxd3zfq6jdtjf2jizbizr3mgy.car,baga6ea4seaqhtwajnlsjw77dssih74mnrvxff5qxd3zfq6jdtjf2jizbizr3mgy,bafybeid47w4xcee3g4w32b5fmynhyu7w3p5je6cgvq2y2vbvkr7sisyxxa,17526788969,,baga6ea4seaqhtwajnlsjw77dssih74mnrvxff5qxd3zfq6jdtjf2jizbizr3mgy.car,https://download2.nbfsdata.com/snapshot/eth/baga6ea4seaqhtwajnlsjw77dssih74mnrvxff5qxd3zfq6jdtjf2jizbizr3mgy.car,17526788969,,https://download2.nbfsdata.com/snapshot/eth/baga6ea4seaqhtwajnlsjw77dssih74mnrvxff5qxd3zfq6jdtjf2jizbizr3mgy.car
baga6ea4seaqcyu2it76qxuxvbpj4mohmssq55m2tra6op6veqamfzh22gys52iq.car,https://download2.nbfsdata.com/snapshot/eth/baga6ea4seaqcyu2it76qxuxvbpj4mohmssq55m2tra6op6veqamfzh22gys52iq.car,baga6ea4seaqcyu2it76qxuxvbpj4mohmssq55m2tra6op6veqamfzh22gys52iq,bafybeid7rrztw2eeu2ggzdanrtgk6ewlqtnjceedvquyv4m5xazgcncuti,17821897783,,baga6ea4seaqcyu2it76qxuxvbpj4mohmssq55m2tra6op6veqamfzh22gys52iq.car,https://download2.nbfsdata.com/snapshot/eth/baga6ea4seaqcyu2it76qxuxvbpj4mohmssq55m2tra6op6veqamfzh22gys52iq.car,17821897783,,https://download2.nbfsdata.com/snapshot/eth/baga6ea4seaqcyu2it76qxuxvbpj4mohmssq55m2tra6op6veqamfzh22gys52iq.car
baga6ea4seaqeyx3ousy37ltzqvjt3m6ia3gul25be7jloawjyaelug6xqgpkcga.car,https://download2.nbfsdata.com/snapshot/eth/baga6ea4seaqeyx3ousy37ltzqvjt3m6ia3gul25be7jloawjyaelug6xqgpkcga.car,baga6ea4seaqeyx3ousy37ltzqvjt3m6ia3gul25be7jloawjyaelug6xqgpkcga,bafybeifjsxqmjxwpll2usmt6ol5ybenogqu4wzol2hjkpmhglb3lljurzq,18001460236,,baga6ea4seaqeyx3ousy37ltzqvjt3m6ia3gul25be7jloawjyaelug6xqgpkcga.car,https://download2.nbfsdata.com/snapshot/eth/baga6ea4seaqeyx3ousy37ltzqvjt3m6ia3gul25be7jloawjyaelug6xqgpkcga.car,18001460236,,https://download2.nbfsdata.com/snapshot/eth/baga6ea4seaqeyx3ousy37ltzqvjt3m6ia3gul25be7jloawjyaelug6xqgpkcga.car
baga6ea4seaqls3ohtl7sbsibeolwlrl7uqntaftsfb3yqijsiksil4xcdazgcfy.car,https://download2.nbfsdata.com/snapshot/eth/baga6ea4seaqls3ohtl7sbsibeolwlrl7uqntaftsfb3yqijsiksil4xcdazgcfy.car,baga6ea4seaqls3ohtl7sbsibeolwlrl7uqntaftsfb3yqijsiksil4xcdazgcfy,bafybeic4lymqtq62yyl3erw5rlqt2pfph7rfrxcedgpg6h57xr2p3tmjf4,17526682540,,baga6ea4seaqls3ohtl7sbsibeolwlrl7uqntaftsfb3yqijsiksil4xcdazgcfy.car,https://download2.nbfsdata.com/snapshot/eth/baga6ea4seaqls3ohtl7sbsibeolwlrl7uqntaftsfb3yqijsiksil4xcdazgcfy.car,17526682540,,https://download2.nbfsdata.com/snapshot/eth/baga6ea4seaqls3ohtl7sbsibeolwlrl7uqntaftsfb3yqijsiksil4xcdazgcfy.car
baga6ea4seaqaba2syjoqvgwejunt3nrtk24xwyyq3rlyzpw2amojnzdwnw664di.car,https://download2.nbfsdata.com/snapshot/eth/baga6ea4seaqaba2syjoqvgwejunt3nrtk24xwyyq3rlyzpw2amojnzdwnw664di.car,baga6ea4seaqaba2syjoqvgwejunt3nrtk24xwyyq3rlyzpw2amojnzdwnw664di,bafybeihld543xsm4bvozkqbfr3s6myxm6i7h6c32jghuecrj6a3sgstwr4,17528481044,,baga6ea4seaqaba2syjoqvgwejunt3nrtk24xwyyq3rlyzpw2amojnzdwnw664di.car,https://download2.nbfsdata.com/snapshot/eth/baga6ea4seaqaba2syjoqvgwejunt3nrtk24xwyyq3rlyzpw2amojnzdwnw664di.car,17528481044,,https://download2.nbfsdata.com/snapshot/eth/baga6ea4seaqaba2syjoqvgwejunt3nrtk24xwyyq3rlyzpw2amojnzdwnw664di.car
baga6ea4seaqmrtw7dczeqgfb5vcx6aacidzfltv27wch2xusjxkubqmjrghhomy.car,https://download2.nbfsdata.com/snapshot/eth/baga6ea4seaqmrtw7dczeqgfb5vcx6aacidzfltv27wch2xusjxkubqmjrghhomy.car,baga6ea4seaqmrtw7dczeqgfb5vcx6aacidzfltv27wch2xusjxkubqmjrghhomy,bafybeibpw4u2ocy26r3hphhfexwjjhoxy7yegwhsn6t24dqu4aqkuwusva,17527288090,,baga6ea4seaqmrtw7dczeqgfb5vcx6aacidzfltv27wch2xusjxkubqmjrghhomy.car,https://download2.nbfsdata.com/snapshot/eth/baga6ea4seaqmrtw7dczeqgfb5vcx6aacidzfltv27wch2xusjxkubqmjrghhomy.car,17527288090,,https://download2.nbfsdata.com/snapshot/eth/baga6ea4seaqmrtw7dczeqgfb5vcx6aacidzfltv27wch2xusjxkubqmjrghhomy.car
baga6ea4seaqdxhbwhjoh57sunxn2lw7y3kq2omepzoryzeswwtmoupkhdpvyuna.car,https://download2.nbfsdata.com/snapshot/eth/baga6ea4seaqdxhbwhjoh57sunxn2lw7y3kq2omepzoryzeswwtmoupkhdpvyuna.car,baga6ea4seaqdxhbwhjoh57sunxn2lw7y3kq2omepzoryzeswwtmoupkhdpvyuna,bafybeign5zy6jwunr6ntdiicipngh2gqoexka7wkmvmd2bo767f6oproiq,18001493708,,baga6ea4seaqdxhbwhjoh57sunxn2lw7y3kq2omepzoryzeswwtmoupkhdpvyuna.car,https://download2.nbfsdata.com/snapshot/eth/baga6ea4seaqdxhbwhjoh57sunxn2lw7y3kq2omepzoryzeswwtmoupkhdpvyuna.car,18001493708,,https://download2.nbfsdata.com/snapshot/eth/baga6ea4seaqdxhbwhjoh57sunxn2lw7y3kq2omepzoryzeswwtmoupkhdpvyuna.car
baga6ea4seaqafrzcslrnf5wtrd3tkdlcnuczq6wwbs7zqzpazljsoxbdcttpuha.car,https://download2.nbfsdata.com/snapshot/eth/baga6ea4seaqafrzcslrnf5wtrd3tkdlcnuczq6wwbs7zqzpazljsoxbdcttpuha.car,baga6ea4seaqafrzcslrnf5wtrd3tkdlcnuczq6wwbs7zqzpazljsoxbdcttpuha,bafybeihjiljam6ymp3q4vr73vcc4j7zedj2vmksdiscyn75vuh5mskexgq,17526797301,,baga6ea4seaqafrzcslrnf5wtrd3tkdlcnuczq6wwbs7zqzpazljsoxbdcttpuha.car,https://download2.nbfsdata.com/snapshot/eth/baga6ea4seaqafrzcslrnf5wtrd3tkdlcnuczq6wwbs7zqzpazljsoxbdcttpuha.car,17526797301,,https://download2.nbfsdata.com/snapshot/eth/baga6ea4seaqafrzcslrnf5wtrd3tkdlcnuczq6wwbs7zqzpazljsoxbdcttpuha.car
baga6ea4seaqemzlcboyyx2dm7466mxhk2m2zbipcecwlmkogshpib5uxjvuj2oq.car,https://download2.nbfsdata.com/snapshot/eth/baga6ea4seaqemzlcboyyx2dm7466mxhk2m2zbipcecwlmkogshpib5uxjvuj2oq.car,baga6ea4seaqemzlcboyyx2dm7466mxhk2m2zbipcecwlmkogshpib5uxjvuj2oq,bafybeibowuc67p5bx6x5ahqafli2xcjui3aq7eghiq7q6ubiz772q66p7y,18001400856,,baga6ea4seaqemzlcboyyx2dm7466mxhk2m2zbipcecwlmkogshpib5uxjvuj2oq.car,https://download2.nbfsdata.com/snapshot/eth/baga6ea4seaqemzlcboyyx2dm7466mxhk2m2zbipcecwlmkogshpib5uxjvuj2oq.car,18001400856,,https://download2.nbfsdata.com/snapshot/eth/baga6ea4seaqemzlcboyyx2dm7466mxhk2m2zbipcecwlmkogshpib5uxjvuj2oq.car
baga6ea4seaqguphgs5c4fmpnvwucri2atcyb5gpdfcw6jnizv6w42xnbyizpchq.car,https://download2.nbfsdata.com/snapshot/eth/baga6ea4seaqguphgs5c4fmpnvwucri2atcyb5gpdfcw6jnizv6w42xnbyizpchq.car,baga6ea4seaqguphgs5c4fmpnvwucri2atcyb5gpdfcw6jnizv6w42xnbyizpchq,bafybeih6i2woccodir3fguaazubfxlmqzwpq2v6i3bp37vxycuf6yz5sxy,17527808410,,baga6ea4seaqguphgs5c4fmpnvwucri2atcyb5gpdfcw6jnizv6w42xnbyizpchq.car,https://download2.nbfsdata.com/snapshot/eth/baga6ea4seaqguphgs5c4fmpnvwucri2atcyb5gpdfcw6jnizv6w42xnbyizpchq.car,17527808410,,https://download2.nbfsdata.com/snapshot/eth/baga6ea4seaqguphgs5c4fmpnvwucri2atcyb5gpdfcw6jnizv6w42xnbyizpchq.car
baga6ea4seaqjiausbvzovq5wpeyb4gmelhb7ckky6orbizo2lqbohjf3lgwnepa.car,https://download2.nbfsdata.com/snapshot/eth/baga6ea4seaqjiausbvzovq5wpeyb4gmelhb7ckky6orbizo2lqbohjf3lgwnepa.car,baga6ea4seaqjiausbvzovq5wpeyb4gmelhb7ckky6orbizo2lqbohjf3lgwnepa,bafybeidkbqfd3n4wbiwkd52ujrpuxch64k7owgf52ohgjow62aguiondya,17527318342,,baga6ea4seaqjiausbvzovq5wpeyb4gmelhb7ckky6orbizo2lqbohjf3lgwnepa.car,https://download2.nbfsdata.com/snapshot/eth/baga6ea4seaqjiausbvzovq5wpeyb4gmelhb7ckky6orbizo2lqbohjf3lgwnepa.car,17527318342,,https://download2.nbfsdata.com/snapshot/eth/baga6ea4seaqjiausbvzovq5wpeyb4gmelhb7ckky6orbizo2lqbohjf3lgwnepa.car
baga6ea4seaqetssp5kezrfau4tzj2mmj7fnzhcnlx5sb4wilcl5mjhsojnfcyki.car,https://download2.nbfsdata.com/snapshot/eth/baga6ea4seaqetssp5kezrfau4tzj2mmj7fnzhcnlx5sb4wilcl5mjhsojnfcyki.car,baga6ea4seaqetssp5kezrfau4tzj2mmj7fnzhcnlx5sb4wilcl5mjhsojnfcyki,bafybeifyqvyexuwouihw2vwyuje5ybcpwh6e5tc5tlcrbvdfccb25q4w74,17528783251,,baga6ea4seaqetssp5kezrfau4tzj2mmj7fnzhcnlx5sb4wilcl5mjhsojnfcyki.car,https://download2.nbfsdata.com/snapshot/eth/baga6ea4seaqetssp5kezrfau4tzj2mmj7fnzhcnlx5sb4wilcl5mjhsojnfcyki.car,17528783251,,https://download2.nbfsdata.com/snapshot/eth/baga6ea4seaqetssp5kezrfau4tzj2mmj7fnzhcnlx5sb4wilcl5mjhsojnfcyki.car
baga6ea4seaqf4j4zmnzthodzurtqgvwxwbpgacmkhzm7pmco3paslddjjvahyka.car,https://download2.nbfsdata.com/snapshot/eth/baga6ea4seaqf4j4zmnzthodzurtqgvwxwbpgacmkhzm7pmco3paslddjjvahyka.car,baga6ea4seaqf4j4zmnzthodzurtqgvwxwbpgacmkhzm7pmco3paslddjjvahyka,bafybeieoyjarw7byuu6inkgihwnwv7sxjou5c4oonn3wtj363faoipc73q,17527057095,,baga6ea4seaqf4j4zmnzthodzurtqgvwxwbpgacmkhzm7pmco3paslddjjvahyka.car,https://download2.nbfsdata.com/snapshot/eth/baga6ea4seaqf4j4zmnzthodzurtqgvwxwbpgacmkhzm7pmco3paslddjjvahyka.car,17527057095,,https://download2.nbfsdata.com/snapshot/eth/baga6ea4seaqf4j4zmnzthodzurtqgvwxwbpgacmkhzm7pmco3paslddjjvahyka.car
baga6ea4seaqodbpiinoyibbbxn6ycql5ttde2logjgrfqadmr6htfzuvb6dtsba.car,https://download2.nbfsdata.com/snapshot/eth/baga6ea4seaqodbpiinoyibbbxn6ycql5ttde2logjgrfqadmr6htfzuvb6dtsba.car,baga6ea4seaqodbpiinoyibbbxn6ycql5ttde2logjgrfqadmr6htfzuvb6dtsba,bafybeifkvvrgwoezvqvv34kyuxdenskd5rcsdk2vbap4v37dmv2y263iky,7360554025,,baga6ea4seaqodbpiinoyibbbxn6ycql5ttde2logjgrfqadmr6htfzuvb6dtsba.car,https://download2.nbfsdata.com/snapshot/eth/baga6ea4seaqodbpiinoyibbbxn6ycql5ttde2logjgrfqadmr6htfzuvb6dtsba.car,7360554025,,https://download2.nbfsdata.com/snapshot/eth/baga6ea4seaqodbpiinoyibbbxn6ycql5ttde2logjgrfqadmr6htfzuvb6dtsba.car
baga6ea4seaqfaf5gvenxsgihtvzhsgt5cqr5yyqsfslc72uyl4vbdibi6qk6say.car,https://download2.nbfsdata.com/snapshot/eth/baga6ea4seaqfaf5gvenxsgihtvzhsgt5cqr5yyqsfslc72uyl4vbdibi6qk6say.car,baga6ea4seaqfaf5gvenxsgihtvzhsgt5cqr5yyqsfslc72uyl4vbdibi6qk6say,bafybeifuh4ks5aaojmkeufcothunnxpeoq2624mya5x6lwnuwl3b5a7sue,17527336471,,baga6ea4seaqfaf5gvenxsgihtvzhsgt5cqr5yyqsfslc72uyl4vbdibi6qk6say.car,https://download2.nbfsdata.com/snapshot/eth/baga6ea4seaqfaf5gvenxsgihtvzhsgt5cqr5yyqsfslc72uyl4vbdibi6qk6say.car,17527336471,,https://download2.nbfsdata.com/snapshot/eth/baga6ea4seaqfaf5gvenxsgihtvzhsgt5cqr5yyqsfslc72uyl4vbdibi6qk6say.car
baga6ea4seaqjeyjaodfpyxso2xmagnxwpwfhswmhxohfvvmi2uqdp43iz2syoai.car,https://download2.nbfsdata.com/snapshot/eth/baga6ea4seaqjeyjaodfpyxso2xmagnxwpwfhswmhxohfvvmi2uqdp43iz2syoai.car,baga6ea4seaqjeyjaodfpyxso2xmagnxwpwfhswmhxohfvvmi2uqdp43iz2syoai,bafybeiazttw5zzasdzty2dnlow6uf6jl66hmlh7f6ffcho733cyhaee3su,17527063905,,baga6ea4seaqjeyjaodfpyxso2xmagnxwpwfhswmhxohfvvmi2uqdp43iz2syoai.car,https://download2.nbfsdata.com/snapshot/eth/baga6ea4seaqjeyjaodfpyxso2xmagnxwpwfhswmhxohfvvmi2uqdp43iz2syoai.car,17527063905,,https://download2.nbfsdata.com/snapshot/eth/baga6ea4seaqjeyjaodfpyxso2xmagnxwpwfhswmhxohfvvmi2uqdp43iz2syoai.car
baga6ea4seaqe2yjawq74aagkt7d3wybj6y5xm4e6edpiznete5ixbe3ks4ykaga.car,https://download2.nbfsdata.com/snapshot/eth/baga6ea4seaqe2yjawq74aagkt7d3wybj6y5xm4e6edpiznete5ixbe3ks4ykaga.car,baga6ea4seaqe2yjawq74aagkt7d3wybj6y5xm4e6edpiznete5ixbe3ks4ykaga,bafybeiduksnc6uclezm3jbjeqtox4bxntdrjdbqjeacxftko5hrmz5wsxu,17528002651,,baga6ea4seaqe2yjawq74aagkt7d3wybj6y5xm4e6edpiznete5ixbe3ks4ykaga.car,https://download2.nbfsdata.com/snapshot/eth/baga6ea4seaqe2yjawq74aagkt7d3wybj6y5xm4e6edpiznete5ixbe3ks4ykaga.car,17528002651,,https://download2.nbfsdata.com/snapshot/eth/baga6ea4seaqe2yjawq74aagkt7d3wybj6y5xm4e6edpiznete5ixbe3ks4ykaga.car
baga6ea4seaqemfwm2x7y5ua2iuasmszssoxmglztmfjblkjwysh3kzge6kuzyhi.car,https://download2.nbfsdata.com/snapshot/eth/baga6ea4seaqemfwm2x7y5ua2iuasmszssoxmglztmfjblkjwysh3kzge6kuzyhi.car,baga6ea4seaqemfwm2x7y5ua2iuasmszssoxmglztmfjblkjwysh3kzge6kuzyhi,bafybeicxadcrbw64w2fnskav7kvmfdjpbwcvogwxwrjz4a2atn4xli4r3m,17527687704,,baga6ea4seaqemfwm2x7y5ua2iuasmszssoxmglztmfjblkjwysh3kzge6kuzyhi.car,https://download2.nbfsdata.com/snapshot/eth/baga6ea4seaqemfwm2x7y5ua2iuasmszssoxmglztmfjblkjwysh3kzge6kuzyhi.car,17527687704,,https://download2.nbfsdata.com/snapshot/eth/baga6ea4seaqemfwm2x7y5ua2iuasmszssoxmglztmfjblkjwysh3kzge6kuzyhi.car
baga6ea4seaqnxrtam26e7k6yh4ovxunnevhxkvem6ecr42fgazpjw7nfg5ursma.car,https://download2.nbfsdata.com/snapshot/eth/baga6ea4seaqnxrtam26e7k6yh4ovxunnevhxkvem6ecr42fgazpjw7nfg5ursma.car,baga6ea4seaqnxrtam26e7k6yh4ovxunnevhxkvem6ecr42fgazpjw7nfg5ursma,bafybeife2vxrmzjdauge2q2kbfiupadjet3movl22dcvpyvmnyewgpnouy,17528847285,,baga6ea4seaqnxrtam26e7k6yh4ovxunnevhxkvem6ecr42fgazpjw7nfg5ursma.car,https://download2.nbfsdata.com/snapshot/eth/baga6ea4seaqnxrtam26e7k6yh4ovxunnevhxkvem6ecr42fgazpjw7nfg5ursma.car,17528847285,,https://download2.nbfsdata.com/snapshot/eth/baga6ea4seaqnxrtam26e7k6yh4ovxunnevhxkvem6ecr42fgazpjw7nfg5ursma.car
baga6ea4seaqhqtre7kj4flm5avvwtxwiewgbg4fafjnq43dcvei7uzt4fd7iici.car,https://download2.nbfsdata.com/snapshot/eth/baga6ea4seaqhqtre7kj4flm5avvwtxwiewgbg4fafjnq43dcvei7uzt4fd7iici.car,baga6ea4seaqhqtre7kj4flm5avvwtxwiewgbg4fafjnq43dcvei7uzt4fd7iici,bafybeidewzujm5pedetwymugwbuzke7lwdhjoxlnoumpjr7f7bznlkzmrq,17527328267,,baga6ea4seaqhqtre7kj4flm5avvwtxwiewgbg4fafjnq43dcvei7uzt4fd7iici.car,https://download2.nbfsdata.com/snapshot/eth/baga6ea4seaqhqtre7kj4flm5avvwtxwiewgbg4fafjnq43dcvei7uzt4fd7iici.car,17527328267,,https://download2.nbfsdata.com/snapshot/eth/baga6ea4seaqhqtre7kj4flm5avvwtxwiewgbg4fafjnq43dcvei7uzt4fd7iici.car
baga6ea4seaqnl6ozwoec34lhqvourkv4qs2sjyasdblkhkwotojmode4i2z2miy.car,https://download2.nbfsdata.com/snapshot/eth/baga6ea4seaqnl6ozwoec34lhqvourkv4qs2sjyasdblkhkwotojmode4i2z2miy.car,baga6ea4seaqnl6ozwoec34lhqvourkv4qs2sjyasdblkhkwotojmode4i2z2miy,bafybeieh42wq5x5dztiqmbmhqnwxpvccibweakmdgmalqwcrovhnvkqrzu,18001456153,,baga6ea4seaqnl6ozwoec34lhqvourkv4qs2sjyasdblkhkwotojmode4i2z2miy.car,https://download2.nbfsdata.com/snapshot/eth/baga6ea4seaqnl6ozwoec34lhqvourkv4qs2sjyasdblkhkwotojmode4i2z2miy.car,18001456153,,https://download2.nbfsdata.com/snapshot/eth/baga6ea4seaqnl6ozwoec34lhqvourkv4qs2sjyasdblkhkwotojmode4i2z2miy.car
baga6ea4seaqiragwst362yonm2a7mhamihu56trkbo2uxxbjdxise5754sdhufi.car,https://download2.nbfsdata.com/snapshot/eth/baga6ea4seaqiragwst362yonm2a7mhamihu56trkbo2uxxbjdxise5754sdhufi.car,baga6ea4seaqiragwst362yonm2a7mhamihu56trkbo2uxxbjdxise5754sdhufi,bafybeibhzr6xmlbuh5arfjzak4xz3de6cf6vtviplzm42qjllobtl2zsue,17528245197,,baga6ea4seaqiragwst362yonm2a7mhamihu56trkbo2uxxbjdxise5754sdhufi.car,https://download2.nbfsdata.com/snapshot/eth/baga6ea4seaqiragwst362yonm2a7mhamihu56trkbo2uxxbjdxise5754sdhufi.car,17528245197,,https://download2.nbfsdata.com/snapshot/eth/baga6ea4seaqiragwst362yonm2a7mhamihu56trkbo2uxxbjdxise5754sdhufi.car
baga6ea4seaqic22lfaixco5miynotmdmgnod2ierhtvura5lrcfinpck6mghwpy.car,https://download2.nbfsdata.com/snapshot/eth/baga6ea4seaqic22lfaixco5miynotmdmgnod2ierhtvura5lrcfinpck6mghwpy.car,baga6ea4seaqic22lfaixco5miynotmdmgnod2ierhtvura5lrcfinpck6mghwpy,bafybeibhk3vors7ncbiaryxydpk6wdknogqxnayzyouoc7tuu4pepyl3ye,17526673349,,baga6ea4seaqic22lfaixco5miynotmdmgnod2ierhtvura5lrcfinpck6mghwpy.car,https://download2.nbfsdata.com/snapshot/eth/baga6ea4seaqic22lfaixco5miynotmdmgnod2ierhtvura5lrcfinpck6mghwpy.car,17526673349,,https://download2.nbfsdata.com/snapshot/eth/baga6ea4seaqic22lfaixco5miynotmdmgnod2ierhtvura5lrcfinpck6mghwpy.car
baga6ea4seaqgq2kyeqnkhk6o34456jxthrwgkz7e64qqdkklrebsczxf7od3ycy.car,https://download2.nbfsdata.com/snapshot/eth/baga6ea4seaqgq2kyeqnkhk6o34456jxthrwgkz7e64qqdkklrebsczxf7od3ycy.car,baga6ea4seaqgq2kyeqnkhk6o34456jxthrwgkz7e64qqdkklrebsczxf7od3ycy,bafybeigc3gzwo6sf6rgr3ue2dtk7e23xojcvccbmrwbujs2dfybqjy6kve,17527191948,,baga6ea4seaqgq2kyeqnkhk6o34456jxthrwgkz7e64qqdkklrebsczxf7od3ycy.car,https://download2.nbfsdata.com/snapshot/eth/baga6ea4seaqgq2kyeqnkhk6o34456jxthrwgkz7e64qqdkklrebsczxf7od3ycy.car,17527191948,,https://download2.nbfsdata.com/snapshot/eth/baga6ea4seaqgq2kyeqnkhk6o34456jxthrwgkz7e64qqdkklrebsczxf7od3ycy.car
baga6ea4seaqgxqpafkedyayqy2d5jowyrsvikjd37lnyue3px55cuqssv6nimfy.car,https://download2.nbfsdata.com/snapshot/eth/baga6ea4seaqgxqpafkedyayqy2d5jowyrsvikjd37lnyue3px55cuqssv6nimfy.car,baga6ea4seaqgxqpafkedyayqy2d5jowyrsvikjd37lnyue3px55cuqssv6nimfy,bafybeifp625bf47h7hjp57agxeszkgqkdcygscganpcdboj4xxo2fke3fy,18001481750,,baga6ea4seaqgxqpafkedyayqy2d5jowyrsvikjd37lnyue3px55cuqssv6nimfy.car,https://download2.nbfsdata.com/snapshot/eth/baga6ea4seaqgxqpafkedyayqy2d5jowyrsvikjd37lnyue3px55cuqssv6nimfy.car,18001481750,,https://download2.nbfsdata.com/snapshot/eth/baga6ea4seaqgxqpafkedyayqy2d5jowyrsvikjd37lnyue3px55cuqssv6nimfy.car
baga6ea4seaqi4g2sacjbqjwlkqdd7ao4djluenco6i4ni4sfnr7xuc2wpgyn4ay.car,https://download2.nbfsdata.com/snapshot/eth/baga6ea4seaqi4g2sacjbqjwlkqdd7ao4djluenco6i4ni4sfnr7xuc2wpgyn4ay.car,baga6ea4seaqi4g2sacjbqjwlkqdd7ao4djluenco6i4ni4sfnr7xuc2wpgyn4ay,bafybeifyangsz2oinmujyoz2465gjnmv4g5edkaljdzbyhria7goh36yxa,18001434943,,baga6ea4seaqi4g2sacjbqjwlkqdd7ao4djluenco6i4ni4sfnr7xuc2wpgyn4ay.car,https://download2.nbfsdata.com/snapshot/eth/baga6ea4seaqi4g2sacjbqjwlkqdd7ao4djluenco6i4ni4sfnr7xuc2wpgyn4ay.car,18001434943,,https://download2.nbfsdata.com/snapshot/eth/baga6ea4seaqi4g2sacjbqjwlkqdd7ao4djluenco6i4ni4sfnr7xuc2wpgyn4ay.car
baga6ea4seaqc5vny44hwj55w3x7icckuhfqwwtgim34f7mekbefebodkths4oka.car,https://download2.nbfsdata.com/snapshot/eth/baga6ea4seaqc5vny44hwj55w3x7icckuhfqwwtgim34f7mekbefebodkths4oka.car,baga6ea4seaqc5vny44hwj55w3x7icckuhfqwwtgim34f7mekbefebodkths4oka,bafybeicqkvbxn4xnc5glikpugo33hkaai43cveoj42kuvhh37maihc44am,17528722296,,baga6ea4seaqc5vny44hwj55w3x7icckuhfqwwtgim34f7mekbefebodkths4oka.car,https://download2.nbfsdata.com/snapshot/eth/baga6ea4seaqc5vny44hwj55w3x7icckuhfqwwtgim34f7mekbefebodkths4oka.car,17528722296,,https://download2.nbfsdata.com/snapshot/eth/baga6ea4seaqc5vny44hwj55w3x7icckuhfqwwtgim34f7mekbefebodkths4oka.car
baga6ea4seaqnbxivjzyis7ts5ylr5rnzqnx74rupe4qqmag4bc5e3irfuro3qja.car,https://download2.nbfsdata.com/snapshot/eth/baga6ea4seaqnbxivjzyis7ts5ylr5rnzqnx74rupe4qqmag4bc5e3irfuro3qja.car,baga6ea4seaqnbxivjzyis7ts5ylr5rnzqnx74rupe4qqmag4bc5e3irfuro3qja,bafybeicpdv4muis2hwstgnk56by6ppmuespuq4l47r6q73etl6muichjni,17527563315,,baga6ea4seaqnbxivjzyis7ts5ylr5rnzqnx74rupe4qqmag4bc5e3irfuro3qja.car,https://download2.nbfsdata.com/snapshot/eth/baga6ea4seaqnbxivjzyis7ts5ylr5rnzqnx74rupe4qqmag4bc5e3irfuro3qja.car,17527563315,,https://download2.nbfsdata.com/snapshot/eth/baga6ea4seaqnbxivjzyis7ts5ylr5rnzqnx74rupe4qqmag4bc5e3irfuro3qja.car
baga6ea4seaqpnhjrzs2fpg2mkecentfsbseecc5gha3lbilr32lobkxpsjda4ka.car,https://download2.nbfsdata.com/snapshot/eth/baga6ea4seaqpnhjrzs2fpg2mkecentfsbseecc5gha3lbilr32lobkxpsjda4ka.car,baga6ea4seaqpnhjrzs2fpg2mkecentfsbseecc5gha3lbilr32lobkxpsjda4ka,bafybeiciuaoijxvj4veizcj2ugb5hp4d3epl5egvxzolrgjlcc7bpm6pci,17527312339,,baga6ea4seaqpnhjrzs2fpg2mkecentfsbseecc5gha3lbilr32lobkxpsjda4ka.car,https://download2.nbfsdata.com/snapshot/eth/baga6ea4seaqpnhjrzs2fpg2mkecentfsbseecc5gha3lbilr32lobkxpsjda4ka.car,17527312339,,https://download2.nbfsdata.com/snapshot/eth/baga6ea4seaqpnhjrzs2fpg2mkecentfsbseecc5gha3lbilr32lobkxpsjda4ka.car
baga6ea4seaqhjxajorkrnv42pamzhqgctoo7j7ec7sn5hdrmkvla72il6kctkhy.car,https://download2.nbfsdata.com/snapshot/eth/baga6ea4seaqhjxajorkrnv42pamzhqgctoo7j7ec7sn5hdrmkvla72il6kctkhy.car,baga6ea4seaqhjxajorkrnv42pamzhqgctoo7j7ec7sn5hdrmkvla72il6kctkhy,bafybeigcifjxc3kx3ibojiy7dddhiemsoow2hfutlznjy5phsshars2fbe,17527313117,,baga6ea4seaqhjxajorkrnv42pamzhqgctoo7j7ec7sn5hdrmkvla72il6kctkhy.car,https://download2.nbfsdata.com/snapshot/eth/baga6ea4seaqhjxajorkrnv42pamzhqgctoo7j7ec7sn5hdrmkvla72il6kctkhy.car,17527313117,,https://download2.nbfsdata.com/snapshot/eth/baga6ea4seaqhjxajorkrnv42pamzhqgctoo7j7ec7sn5hdrmkvla72il6kctkhy.car
baga6ea4seaql5dxvsi53vkduj65izqezm3qlzdpdlzphd5qyft563znpoo22ejy.car,https://download2.nbfsdata.com/snapshot/eth/baga6ea4seaql5dxvsi53vkduj65izqezm3qlzdpdlzphd5qyft563znpoo22ejy.car,baga6ea4seaql5dxvsi53vkduj65izqezm3qlzdpdlzphd5qyft563znpoo22ejy,bafybeicmxpmp6yf4xfzu3c7qh6ram5tcraxnynotf5bv7ftgwsxhv6jj2a,17525516139,,baga6ea4seaql5dxvsi53vkduj65izqezm3qlzdpdlzphd5qyft563znpoo22ejy.car,https://download2.nbfsdata.com/snapshot/eth/baga6ea4seaql5dxvsi53vkduj65izqezm3qlzdpdlzphd5qyft563znpoo22ejy.car,17525516139,,https://download2.nbfsdata.com/snapshot/eth/baga6ea4seaql5dxvsi53vkduj65izqezm3qlzdpdlzphd5qyft563znpoo22ejy.car
baga6ea4seaqp2amjqwcsr4vgte4hmatqpuvvmveesazfpi736hv6oyewzq3zenq.car,https://download2.nbfsdata.com/snapshot/eth/baga6ea4seaqp2amjqwcsr4vgte4hmatqpuvvmveesazfpi736hv6oyewzq3zenq.car,baga6ea4seaqp2amjqwcsr4vgte4hmatqpuvvmveesazfpi736hv6oyewzq3zenq,bafybeie2dlmynnluxqyhdewpgel5v4zdll3qyfw3lw3ntoae4t4fl3k6gy,17528510130,,baga6ea4seaqp2amjqwcsr4vgte4hmatqpuvvmveesazfpi736hv6oyewzq3zenq.car,https://download2.nbfsdata.com/snapshot/eth/baga6ea4seaqp2amjqwcsr4vgte4hmatqpuvvmveesazfpi736hv6oyewzq3zenq.car,17528510130,,https://download2.nbfsdata.com/snapshot/eth/baga6ea4seaqp2amjqwcsr4vgte4hmatqpuvvmveesazfpi736hv6oyewzq3zenq.car
baga6ea4seaqcrb433zecsy33dapetwp4xywhllav3irekzvrbt2p47uchsroifa.car,https://download2.nbfsdata.com/snapshot/eth/baga6ea4seaqcrb433zecsy33dapetwp4xywhllav3irekzvrbt2p47uchsroifa.car,baga6ea4seaqcrb433zecsy33dapetwp4xywhllav3irekzvrbt2p47uchsroifa,bafybeif6ccufi474ekb6r2otelddk6hgjm3nddrq6nghtq7kdz2wwkcb5a,18001432829,,baga6ea4seaqcrb433zecsy33dapetwp4xywhllav3irekzvrbt2p47uchsroifa.car,https://download2.nbfsdata.com/snapshot/eth/baga6ea4seaqcrb433zecsy33dapetwp4xywhllav3irekzvrbt2p47uchsroifa.car,18001432829,,https://download2.nbfsdata.com/snapshot/eth/baga6ea4seaqcrb433zecsy33dapetwp4xywhllav3irekzvrbt2p47uchsroifa.car
baga6ea4seaqhl54g5jni3ovffuc6dmatjtg7frxq2xae5d3epwzq4lv6jubrwey.car,https://download2.nbfsdata.com/snapshot/eth/baga6ea4seaqhl54g5jni3ovffuc6dmatjtg7frxq2xae5d3epwzq4lv6jubrwey.car,baga6ea4seaqhl54g5jni3ovffuc6dmatjtg7frxq2xae5d3epwzq4lv6jubrwey,bafybeigqtz3dvrj35bunvask7fffw5mhqv46kvuggo545tprkr2krddvpi,17528626248,,baga6ea4seaqhl54g5jni3ovffuc6dmatjtg7frxq2xae5d3epwzq4lv6jubrwey.car,https://download2.nbfsdata.com/snapshot/eth/baga6ea4seaqhl54g5jni3ovffuc6dmatjtg7frxq2xae5d3epwzq4lv6jubrwey.car,17528626248,,https://download2.nbfsdata.com/snapshot/eth/baga6ea4seaqhl54g5jni3ovffuc6dmatjtg7frxq2xae5d3epwzq4lv6jubrwey.car
baga6ea4seaqgqjdn5uz63qgbzzx4mfjno6idl4tv2uh3govyuyxccqsmmu27ycq.car,https://download2.nbfsdata.com/snapshot/eth/baga6ea4seaqgqjdn5uz63qgbzzx4mfjno6idl4tv2uh3govyuyxccqsmmu27ycq.car,baga6ea4seaqgqjdn5uz63qgbzzx4mfjno6idl4tv2uh3govyuyxccqsmmu27ycq,bafybeibrkbs47hz6wa4jpgwcghaoeysjtrqsr4r6r5v4gxrbesj6jfya5q,17526888985,,baga6ea4seaqgqjdn5uz63qgbzzx4mfjno6idl4tv2uh3govyuyxccqsmmu27ycq.car,https://download2.nbfsdata.com/snapshot/eth/baga6ea4seaqgqjdn5uz63qgbzzx4mfjno6idl4tv2uh3govyuyxccqsmmu27ycq.car,17526888985,,https://download2.nbfsdata.com/snapshot/eth/baga6ea4seaqgqjdn5uz63qgbzzx4mfjno6idl4tv2uh3govyuyxccqsmmu27ycq.car
baga6ea4seaqackbjo7ve5xrbnvcxe5ekqnc3brfcjmcsqlqp2crrygqemgb3yny.car,https://download2.nbfsdata.com/snapshot/eth/baga6ea4seaqackbjo7ve5xrbnvcxe5ekqnc3brfcjmcsqlqp2crrygqemgb3yny.car,baga6ea4seaqackbjo7ve5xrbnvcxe5ekqnc3brfcjmcsqlqp2crrygqemgb3yny,bafybeicjowdi7e3y6xmtyctts3de2qvkazisi2gjxwpfigizekyx7hw7oe,17528052813,,baga6ea4seaqackbjo7ve5xrbnvcxe5ekqnc3brfcjmcsqlqp2crrygqemgb3yny.car,https://download2.nbfsdata.com/snapshot/eth/baga6ea4seaqackbjo7ve5xrbnvcxe5ekqnc3brfcjmcsqlqp2crrygqemgb3yny.car,17528052813,,https://download2.nbfsdata.com/snapshot/eth/baga6ea4seaqackbjo7ve5xrbnvcxe5ekqnc3brfcjmcsqlqp2crrygqemgb3yny.car
baga6ea4seaqeoocaze4kpmpe326wit5qbzdwssbh7kwodht2chelgnub4epxcca.car,https://download2.nbfsdata.com/snapshot/eth/baga6ea4seaqeoocaze4kpmpe326wit5qbzdwssbh7kwodht2chelgnub4epxcca.car,baga6ea4seaqeoocaze4kpmpe326wit5qbzdwssbh7kwodht2chelgnub4epxcca,bafybeigy3eskytpqkzbvqfukob5vq7fimbfr3zkr7ejkcqzsiv5drhklh4,17527352482,,baga6ea4seaqeoocaze4kpmpe326wit5qbzdwssbh7kwodht2chelgnub4epxcca.car,https://download2.nbfsdata.com/snapshot/eth/baga6ea4seaqeoocaze4kpmpe326wit5qbzdwssbh7kwodht2chelgnub4epxcca.car,17527352482,,https://download2.nbfsdata.com/snapshot/eth/baga6ea4seaqeoocaze4kpmpe326wit5qbzdwssbh7kwodht2chelgnub4epxcca.car
baga6ea4seaqmkbryvwp6iooltxhior2yhrwlr2sjnqtih24pdjzcimaczcvm6fi.car,https://download2.nbfsdata.com/snapshot/eth/baga6ea4seaqmkbryvwp6iooltxhior2yhrwlr2sjnqtih24pdjzcimaczcvm6fi.car,baga6ea4seaqmkbryvwp6iooltxhior2yhrwlr2sjnqtih24pdjzcimaczcvm6fi,bafybeihfhteaonsneycmcqnmookrhbw4gmifzil7cycoqned52ugki6u3q,17537706146,,baga6ea4seaqmkbryvwp6iooltxhior2yhrwlr2sjnqtih24pdjzcimaczcvm6fi.car,https://download2.nbfsdata.com/snapshot/eth/baga6ea4seaqmkbryvwp6iooltxhior2yhrwlr2sjnqtih24pdjzcimaczcvm6fi.car,17537706146,,https://download2.nbfsdata.com/snapshot/eth/baga6ea4seaqmkbryvwp6iooltxhior2yhrwlr2sjnqtih24pdjzcimaczcvm6fi.car
baga6ea4seaqorhzeoqj4u3lcwcg7zrc2ysub77vxsyeaxrkdeg45zshcsvn4opi.car,https://download2.nbfsdata.com/snapshot/eth/baga6ea4seaqorhzeoqj4u3lcwcg7zrc2ysub77vxsyeaxrkdeg45zshcsvn4opi.car,baga6ea4seaqorhzeoqj4u3lcwcg7zrc2ysub77vxsyeaxrkdeg45zshcsvn4opi,bafybeigiewip4xmlq4mymm2yydztatki4om4mcyatev2qwua2qedvtlmiy,17527235997,,baga6ea4seaqorhzeoqj4u3lcwcg7zrc2ysub77vxsyeaxrkdeg45zshcsvn4opi.car,https://download2.nbfsdata.com/snapshot/eth/baga6ea4seaqorhzeoqj4u3lcwcg7zrc2ysub77vxsyeaxrkdeg45zshcsvn4opi.car,17527235997,,https://download2.nbfsdata.com/snapshot/eth/baga6ea4seaqorhzeoqj4u3lcwcg7zrc2ysub77vxsyeaxrkdeg45zshcsvn4opi.car
baga6ea4seaqhpkjqma3c5e4slvgz535r3lb5fhixie4kjfrqbb7smw7ilo46kma.car,https://download2.nbfsdata.com/snapshot/eth/baga6ea4seaqhpkjqma3c5e4slvgz535r3lb5fhixie4kjfrqbb7smw7ilo46kma.car,baga6ea4seaqhpkjqma3c5e4slvgz535r3lb5fhixie4kjfrqbb7smw7ilo46kma,bafybeicummd7eik333dfbdserkopv2bc6xzy7otsugddbrt5ql5xodmzhq,17527638907,,baga6ea4seaqhpkjqma3c5e4slvgz535r3lb5fhixie4kjfrqbb7smw7ilo46kma.car,https://download2.nbfsdata.com/snapshot/eth/baga6ea4seaqhpkjqma3c5e4slvgz535r3lb5fhixie4kjfrqbb7smw7ilo46kma.car,17527638907,,https://download2.nbfsdata.com/snapshot/eth/baga6ea4seaqhpkjqma3c5e4slvgz535r3lb5fhixie4kjfrqbb7smw7ilo46kma.car
baga6ea4seaqihqpftvpnwb6arny43wqy2p2xqpyowe7b6p6wmtkrouikhsue6pq.car,https://download2.nbfsdata.com/snapshot/eth/baga6ea4seaqihqpftvpnwb6arny43wqy2p2xqpyowe7b6p6wmtkrouikhsue6pq.car,baga6ea4seaqihqpftvpnwb6arny43wqy2p2xqpyowe7b6p6wmtkrouikhsue6pq,bafybeiaw235ufbcgc5ycbhv5dt2bwumsn2dfkh25jbhtqusrqgs7kzwbje,17527448486,,baga6ea4seaqihqpftvpnwb6arny43wqy2p2xqpyowe7b6p6wmtkrouikhsue6pq.car,https://download2.nbfsdata.com/snapshot/eth/baga6ea4seaqihqpftvpnwb6arny43wqy2p2xqpyowe7b6p6wmtkrouikhsue6pq.car,17527448486,,https://download2.nbfsdata.com/snapshot/eth/baga6ea4seaqihqpftvpnwb6arny43wqy2p2xqpyowe7b6p6wmtkrouikhsue6pq.car
baga6ea4seaqhf6xzqtappztgmbxsgle2yua24kg2mk653vfhmzhcnhn5k6qzgly.car,https://download2.nbfsdata.com/snapshot/eth/baga6ea4seaqhf6xzqtappztgmbxsgle2yua24kg2mk653vfhmzhcnhn5k6qzgly.car,baga6ea4seaqhf6xzqtappztgmbxsgle2yua24kg2mk653vfhmzhcnhn5k6qzgly,bafybeifslyd23ky7vwiol63azd6t4nch2w5ltqqlacdce4yysmwvil6k5m,18001491381,,baga6ea4seaqhf6xzqtappztgmbxsgle2yua24kg2mk653vfhmzhcnhn5k6qzgly.car,https://download2.nbfsdata.com/snapshot/eth/baga6ea4seaqhf6xzqtappztgmbxsgle2yua24kg2mk653vfhmzhcnhn5k6qzgly.car,18001491381,,https://download2.nbfsdata.com/snapshot/eth/baga6ea4seaqhf6xzqtappztgmbxsgle2yua24kg2mk653vfhmzhcnhn5k6qzgly.car
baga6ea4seaqbypbeju65zs73yddxsxhflwg7feshbpbkdzwrfyoael4gsmmvmaq.car,https://download2.nbfsdata.com/snapshot/eth/baga6ea4seaqbypbeju65zs73yddxsxhflwg7feshbpbkdzwrfyoael4gsmmvmaq.car,baga6ea4seaqbypbeju65zs73yddxsxhflwg7feshbpbkdzwrfyoael4gsmmvmaq,bafybeiatyllhdzpvkdiz527ix2mr5m7g7z3rtxknajfcxvme5p2f7bdwzy,17527404140,,baga6ea4seaqbypbeju65zs73yddxsxhflwg7feshbpbkdzwrfyoael4gsmmvmaq.car,https://download2.nbfsdata.com/snapshot/eth/baga6ea4seaqbypbeju65zs73yddxsxhflwg7feshbpbkdzwrfyoael4gsmmvmaq.car,17527404140,,https://download2.nbfsdata.com/snapshot/eth/baga6ea4seaqbypbeju65zs73yddxsxhflwg7feshbpbkdzwrfyoael4gsmmvmaq.car
baga6ea4seaqb3a2iufieztfrjlusncy4lg2xnioah3edqzx4dz74ltcfq6lgodi.car,https://download2.nbfsdata.com/snapshot/eth/baga6ea4seaqb3a2iufieztfrjlusncy4lg2xnioah3edqzx4dz74ltcfq6lgodi.car,baga6ea4seaqb3a2iufieztfrjlusncy4lg2xnioah3edqzx4dz74ltcfq6lgodi,bafybeidd5bxawghepi2g3wk6rk7fkccf6bqpo26ptdpaslusdabwdvx5ay,17526729537,,baga6ea4seaqb3a2iufieztfrjlusncy4lg2xnioah3edqzx4dz74ltcfq6lgodi.car,https://download2.nbfsdata.com/snapshot/eth/baga6ea4seaqb3a2iufieztfrjlusncy4lg2xnioah3edqzx4dz74ltcfq6lgodi.car,17526729537,,https://download2.nbfsdata.com/snapshot/eth/baga6ea4seaqb3a2iufieztfrjlusncy4lg2xnioah3edqzx4dz74ltcfq6lgodi.car
baga6ea4seaqlttnc4u7rg62ivow2ezflydlqyxphv5c7qpvrjfivnrgsv7i46cq.car,https://download2.nbfsdata.com/snapshot/eth/baga6ea4seaqlttnc4u7rg62ivow2ezflydlqyxphv5c7qpvrjfivnrgsv7i46cq.car,baga6ea4seaqlttnc4u7rg62ivow2ezflydlqyxphv5c7qpvrjfivnrgsv7i46cq,bafybeia2axpwnmdj7bgnggm5xw4g7xggqkpnq5vnciisrfheyo2w7ki3ny,17527695726,,baga6ea4seaqlttnc4u7rg62ivow2ezflydlqyxphv5c7qpvrjfivnrgsv7i46cq.car,https://download2.nbfsdata.com/snapshot/eth/baga6ea4seaqlttnc4u7rg62ivow2ezflydlqyxphv5c7qpvrjfivnrgsv7i46cq.car,17527695726,,https://download2.nbfsdata.com/snapshot/eth/baga6ea4seaqlttnc4u7rg62ivow2ezflydlqyxphv5c7qpvrjfivnrgsv7i46cq.car
baga6ea4seaqeq5pjlp3dqh5fymy4adc6s3wrwilovontan2avpaw4kz6l3bd4bq.car,https://download2.nbfsdata.com/snapshot/eth/baga6ea4seaqeq5pjlp3dqh5fymy4adc6s3wrwilovontan2avpaw4kz6l3bd4bq.car,baga6ea4seaqeq5pjlp3dqh5fymy4adc6s3wrwilovontan2avpaw4kz6l3bd4bq,bafybeiccbjcuymuln2vmkxlt73q73g6unvyzmarpbol43muo5vgu2f3yvy,17528080394,,baga6ea4seaqeq5pjlp3dqh5fymy4adc6s3wrwilovontan2avpaw4kz6l3bd4bq.car,https://download2.nbfsdata.com/snapshot/eth/baga6ea4seaqeq5pjlp3dqh5fymy4adc6s3wrwilovontan2avpaw4kz6l3bd4bq.car,17528080394,,https://download2.nbfsdata.com/snapshot/eth/baga6ea4seaqeq5pjlp3dqh5fymy4adc6s3wrwilovontan2avpaw4kz6l3bd4bq.car
baga6ea4seaqab5vi6ixuogo3e5aly3ju2adgdonvseioye6f4rixzdfhbelgkhq.car,https://download2.nbfsdata.com/snapshot/eth/baga6ea4seaqab5vi6ixuogo3e5aly3ju2adgdonvseioye6f4rixzdfhbelgkhq.car,baga6ea4seaqab5vi6ixuogo3e5aly3ju2adgdonvseioye6f4rixzdfhbelgkhq,bafybeih6q7tw4r4tfrzdbyt4ts4mdyzvdg5yh5r7fbe2furarv2crt3kzm,18001473446,,baga6ea4seaqab5vi6ixuogo3e5aly3ju2adgdonvseioye6f4rixzdfhbelgkhq.car,https://download2.nbfsdata.com/snapshot/eth/baga6ea4seaqab5vi6ixuogo3e5aly3ju2adgdonvseioye6f4rixzdfhbelgkhq.car,18001473446,,https://download2.nbfsdata.com/snapshot/eth/baga6ea4seaqab5vi6ixuogo3e5aly3ju2adgdonvseioye6f4rixzdfhbelgkhq.car
baga6ea4seaqjhdfx3w4jiuqqarw4zas2yiiyxwy3zuact657s233gzskqusfkbi.car,https://download2.nbfsdata.com/snapshot/eth/baga6ea4seaqjhdfx3w4jiuqqarw4zas2yiiyxwy3zuact657s233gzskqusfkbi.car,baga6ea4seaqjhdfx3w4jiuqqarw4zas2yiiyxwy3zuact657s233gzskqusfkbi,bafybeih22qyeyjlsyw26yhsqq4uzxhsygw6p7jar5emfxil7vhv2d7q37y,17527842970,,baga6ea4seaqjhdfx3w4jiuqqarw4zas2yiiyxwy3zuact657s233gzskqusfkbi.car,https://download2.nbfsdata.com/snapshot/eth/baga6ea4seaqjhdfx3w4jiuqqarw4zas2yiiyxwy3zuact657s233gzskqusfkbi.car,17527842970,,https://download2.nbfsdata.com/snapshot/eth/baga6ea4seaqjhdfx3w4jiuqqarw4zas2yiiyxwy3zuact657s233gzskqusfkbi.car
baga6ea4seaqmni2xgopay5gen7vbf4gkukfflgz6pogdw2xgmfymsp2jyanuqfq.car,https://download2.nbfsdata.com/snapshot/eth/baga6ea4seaqmni2xgopay5gen7vbf4gkukfflgz6pogdw2xgmfymsp2jyanuqfq.car,baga6ea4seaqmni2xgopay5gen7vbf4gkukfflgz6pogdw2xgmfymsp2jyanuqfq,bafybeieow246jeqcp4lcs5cp6m7x5oxrhguzbakbwn63g5gsezfag7so7m,17527621282,,baga6ea4seaqmni2xgopay5gen7vbf4gkukfflgz6pogdw2xgmfymsp2jyanuqfq.car,https://download2.nbfsdata.com/snapshot/eth/baga6ea4seaqmni2xgopay5gen7vbf4gkukfflgz6pogdw2xgmfymsp2jyanuqfq.car,17527621282,,https://download2.nbfsdata.com/snapshot/eth/baga6ea4seaqmni2xgopay5gen7vbf4gkukfflgz6pogdw2xgmfymsp2jyanuqfq.car
baga6ea4seaqjzbjymehmz3qwobec2srnercdftdeek5mrmf5k4gs7rr7nht2sbq.car,https://download2.nbfsdata.com/snapshot/eth/baga6ea4seaqjzbjymehmz3qwobec2srnercdftdeek5mrmf5k4gs7rr7nht2sbq.car,baga6ea4seaqjzbjymehmz3qwobec2srnercdftdeek5mrmf5k4gs7rr7nht2sbq,bafybeihddsg5urpdpvmtks6uuxbyql74wj3v6clbqomfsjxlfjigsgsnoq,17528444888,,baga6ea4seaqjzbjymehmz3qwobec2srnercdftdeek5mrmf5k4gs7rr7nht2sbq.car,https://download2.nbfsdata.com/snapshot/eth/baga6ea4seaqjzbjymehmz3qwobec2srnercdftdeek5mrmf5k4gs7rr7nht2sbq.car,17528444888,,https://download2.nbfsdata.com/snapshot/eth/baga6ea4seaqjzbjymehmz3qwobec2srnercdftdeek5mrmf5k4gs7rr7nht2sbq.car
baga6ea4seaqlyi2ldx34dfp6med2bbi7ouwpcitccmmbbbkn5rk6rrhf3t5k2ga.car,https://download2.nbfsdata.com/snapshot/eth/baga6ea4seaqlyi2ldx34dfp6med2bbi7ouwpcitccmmbbbkn5rk6rrhf3t5k2ga.car,baga6ea4seaqlyi2ldx34dfp6med2bbi7ouwpcitccmmbbbkn5rk6rrhf3t5k2ga,bafybeie4ra4fuc4gopmrtwkdhlqccolsuiuus4xtnlgzyjpfzvqqyfwjum,18001440958,,baga6ea4seaqlyi2ldx34dfp6med2bbi7ouwpcitccmmbbbkn5rk6rrhf3t5k2ga.car,https://download2.nbfsdata.com/snapshot/eth/baga6ea4seaqlyi2ldx34dfp6med2bbi7ouwpcitccmmbbbkn5rk6rrhf3t5k2ga.car,18001440958,,https://download2.nbfsdata.com/snapshot/eth/baga6ea4seaqlyi2ldx34dfp6med2bbi7ouwpcitccmmbbbkn5rk6rrhf3t5k2ga.car
